﻿<?xml version="1.0" encoding="utf-8"?>
<?xml-stylesheet type='text/xsl' href='style.xsl'?>
<ForensiTAzureID ObjectId="fd089974-0f20-4148-8cdf-20d8dfbc3a05" Name="dtcinc.onmicrosoft.com dtchuntington.org" DisplayName="Developmental Therapy Center">
    <User>
        <UserPrincipalName>admin@dtcinc.onmicrosoft.com</UserPrincipalName>
        <ObjectId>a9c76a4e-90eb-4410-bda7-548b5ae3ca3f</ObjectId>
        <DisplayName>Leslie Comer-Porter</DisplayName>
    </User>
    <User>
        <UserPrincipalName>allyson.perry@dtchuntington.org</UserPrincipalName>
        <ObjectId>b9d73604-52c3-40c9-b860-5f9baaf564a7</ObjectId>
        <DisplayName>Allyson Perry</DisplayName>
    </User>
    <User>
        <UserPrincipalName>angela.hopkins@dtchuntington.org</UserPrincipalName>
        <ObjectId>2a51ea51-8db8-48c4-bdd8-a52595311ad5</ObjectId>
        <DisplayName>Angela Rorrer-Hopkins</DisplayName>
    </User>
    <User>
        <UserPrincipalName>apple@dtchuntington.org</UserPrincipalName>
        <ObjectId>bbbd889a-a267-4dde-97b9-bed93f22212b</ObjectId>
        <DisplayName>Apple Admin</DisplayName>
    </User>
    <User>
        <UserPrincipalName>ashley.mcclure@dtchuntington.org</UserPrincipalName>
        <ObjectId>500fc85a-0c7c-452a-89d8-bdb692c1f44c</ObjectId>
        <DisplayName>Ashley McClure</DisplayName>
    </User>
    <User>
        <UserPrincipalName>b23@dtchuntington.org</UserPrincipalName>
        <ObjectId>ca196a17-4444-4ab9-8714-0473f78e4950</ObjectId>
        <DisplayName>Birth to Three</DisplayName>
    </User>
    <User>
        <UserPrincipalName>brandi.duesing@dtchuntington.org</UserPrincipalName>
        <ObjectId>d0158353-91be-4410-b18e-a360d32a00bd</ObjectId>
        <DisplayName>Brandi Duesing</DisplayName>
    </User>
    <User>
        <UserPrincipalName>brooke.messer@dtchuntington.org</UserPrincipalName>
        <ObjectId>6c6d5e0e-677c-43be-8c09-a831040f0227</ObjectId>
        <DisplayName>Brooke Messer</DisplayName>
    </User>
    <User>
        <UserPrincipalName>cagney.thompson@dtchuntington.org</UserPrincipalName>
        <ObjectId>0bfdf25a-b148-4ca7-80fc-1b0b0d2f5ea4</ObjectId>
        <DisplayName>Cagney Sargent Thompson</DisplayName>
    </User>
    <User>
        <UserPrincipalName>caleb.brownfield@dtchuntington.org</UserPrincipalName>
        <ObjectId>a9696058-6558-4367-b13e-65b9fbd008f6</ObjectId>
        <DisplayName>Caleb Brownfield</DisplayName>
    </User>
    <User>
        <UserPrincipalName>carla.parker@dtchuntington.org</UserPrincipalName>
        <ObjectId>bc981464-9f0c-4160-aecc-97e618b0a629</ObjectId>
        <DisplayName>Carla Parker</DisplayName>
    </User>
    <User>
        <UserPrincipalName>cheri.prichard@dtchuntington.org</UserPrincipalName>
        <ObjectId>89737027-f55e-4304-8335-e2c2b0c7b5b0</ObjectId>
        <DisplayName>Cheri Prichard</DisplayName>
    </User>
    <User>
        <UserPrincipalName>christopher.parsons@dtchuntington.org</UserPrincipalName>
        <ObjectId>1bd954cd-13d6-427f-bbdb-96142132fc15</ObjectId>
        <DisplayName>Christopher Parsons</DisplayName>
    </User>
    <User>
        <UserPrincipalName>chryinda.bills@dtchuntington.org</UserPrincipalName>
        <ObjectId>1029a032-872c-4c35-89c0-91ed1ef7ee9c</ObjectId>
        <DisplayName>Chryinda Bills</DisplayName>
    </User>
    <User>
        <UserPrincipalName>clorissa.brown@dtchuntington.org</UserPrincipalName>
        <ObjectId>f6e8bdbd-5729-48c4-bfdc-b00cac60370d</ObjectId>
        <DisplayName>Clorissa Brown</DisplayName>
    </User>
    <User>
        <UserPrincipalName>corey@dtchuntington.org</UserPrincipalName>
        <ObjectId>e376e042-30df-45d7-a869-745694a74f0f</ObjectId>
        <DisplayName>Corey Cutler</DisplayName>
    </User>
    <User>
        <UserPrincipalName>crystal.pelfrey@dtchuntington.org</UserPrincipalName>
        <ObjectId>f9fdb7b6-9ceb-49a6-84a0-9afab4c3fa7e</ObjectId>
        <DisplayName>Crystal Pelfrey</DisplayName>
    </User>
    <User>
        <UserPrincipalName>david.roush@dtchuntington.org</UserPrincipalName>
        <ObjectId>77638d24-2649-4815-8a73-2e289ee4b483</ObjectId>
        <DisplayName>David Roush</DisplayName>
    </User>
    <User>
        <UserPrincipalName>deborah.allen@dtchuntington.org</UserPrincipalName>
        <ObjectId>31461dc8-69a4-45e8-be2d-7b9d1c42b783</ObjectId>
        <DisplayName>Deborah Allen</DisplayName>
    </User>
    <User>
        <UserPrincipalName>deborah.karr@dtchuntington.org</UserPrincipalName>
        <ObjectId>e69c77ac-b07e-4fca-a046-808069bfd2a2</ObjectId>
        <DisplayName>Deborah Karr</DisplayName>
    </User>
    <User>
        <UserPrincipalName>devanna.frye@dtchuntington.org</UserPrincipalName>
        <ObjectId>119acbc5-ae76-47a3-a3d7-2cb61f4e4f65</ObjectId>
        <DisplayName>DeVanna Frye</DisplayName>
    </User>
    <User>
        <UserPrincipalName>emily.blizzard@dtchuntington.org</UserPrincipalName>
        <ObjectId>2ff93a15-368c-44e3-a8f0-590972558f88</ObjectId>
        <DisplayName>Emily Blizzard</DisplayName>
    </User>
    <User>
        <UserPrincipalName>emily.hudson@dtchuntington.org</UserPrincipalName>
        <ObjectId>766047ce-a445-483a-b224-4efb48396ddf</ObjectId>
        <DisplayName>Emily Hudson</DisplayName>
    </User>
    <User>
        <UserPrincipalName>eric.riley@dtchuntington.org</UserPrincipalName>
        <ObjectId>0fad2c92-c7a8-40d9-880d-8fe0821184df</ObjectId>
        <DisplayName>Eric Riley</DisplayName>
    </User>
    <User>
        <UserPrincipalName>events@dtchuntington.org</UserPrincipalName>
        <ObjectId>86d1325b-b047-4d20-b54c-a36038f99145</ObjectId>
        <DisplayName>DTC Events</DisplayName>
    </User>
    <User>
        <UserPrincipalName>gabrielle.rowland@dtchuntington.org</UserPrincipalName>
        <ObjectId>9518d1cf-4105-4ff2-83ae-84675631d93d</ObjectId>
        <DisplayName>Gabrielle Rowland</DisplayName>
    </User>
    <User>
        <UserPrincipalName>hanna.hopper@dtchuntington.org</UserPrincipalName>
        <ObjectId>e03aeb9a-d14f-4b5d-86e9-c759c7289c98</ObjectId>
        <DisplayName>Hanna Hopper</DisplayName>
    </User>
    <User>
        <UserPrincipalName>hanna.taylor@dtchuntington.org</UserPrincipalName>
        <ObjectId>1f7eec86-66a9-460a-b500-6feb4ef60fba</ObjectId>
        <DisplayName>Hanna Taylor</DisplayName>
    </User>
    <User>
        <UserPrincipalName>hayden.miller@dtchuntington.org</UserPrincipalName>
        <ObjectId>ff09769b-4eb4-4217-b296-1ab97bfd2970</ObjectId>
        <DisplayName>Hayden Miller</DisplayName>
    </User>
    <User>
        <UserPrincipalName>heather.ferrell@dtchuntington.org</UserPrincipalName>
        <ObjectId>36b7a553-d77a-435b-b0c6-8ee3b78243e7</ObjectId>
        <DisplayName>Heather Ferrell</DisplayName>
    </User>
    <User>
        <UserPrincipalName>info@dtchuntington.org</UserPrincipalName>
        <ObjectId>61fba9d9-a2a9-41e8-998e-17b6182d5060</ObjectId>
        <DisplayName>DTC Info</DisplayName>
    </User>
    <User>
        <UserPrincipalName>isabel.morris@dtchuntington.org</UserPrincipalName>
        <ObjectId>5b133ea6-2790-4e85-a91d-2ec3ba7ee490</ObjectId>
        <DisplayName>Isabel Morris</DisplayName>
    </User>
    <User>
        <UserPrincipalName>jamie.reed@dtchuntington.org</UserPrincipalName>
        <ObjectId>d2239971-ba95-470a-be2e-d79a18a339b5</ObjectId>
        <DisplayName>Jamie Reed</DisplayName>
    </User>
    <User>
        <UserPrincipalName>jeffer16_marshall.edu#EXT#@dtcinc.onmicrosoft.com</UserPrincipalName>
        <ObjectId>a0a8bd93-40a0-4c36-8af0-224fad0f6921</ObjectId>
        <DisplayName>Sebrina LeeAnn Lambert</DisplayName>
    </User>
    <User>
        <UserPrincipalName>jessica.fink@dtchuntington.org</UserPrincipalName>
        <ObjectId>938b2bee-510c-43d2-927b-51f2fa0ef1f9</ObjectId>
        <DisplayName>Jessica Fink</DisplayName>
    </User>
    <User>
        <UserPrincipalName>justin.adams@dtchuntington.org</UserPrincipalName>
        <ObjectId>4f90083d-3d6a-4ffd-9c34-d68e19143d53</ObjectId>
        <DisplayName>Justin Adams</DisplayName>
    </User>
    <User>
        <UserPrincipalName>kara.dutton@dtchuntington.org</UserPrincipalName>
        <ObjectId>9ed74f82-3daf-40b3-bd8c-1ebb10c13323</ObjectId>
        <DisplayName>Kara Dutton</DisplayName>
    </User>
    <User>
        <UserPrincipalName>katlyn.porter@dtchuntington.org</UserPrincipalName>
        <ObjectId>f4fce38b-5e80-4760-acea-e3efb7b97707</ObjectId>
        <DisplayName>Katlyn Porter</DisplayName>
    </User>
    <User>
        <UserPrincipalName>kayla.shields@dtchuntington.org</UserPrincipalName>
        <ObjectId>f5512243-6a90-49cc-9721-601f2287b2d2</ObjectId>
        <DisplayName>Kayla Shields</DisplayName>
    </User>
    <User>
        <UserPrincipalName>keely.darnell@dtchuntington.org</UserPrincipalName>
        <ObjectId>85d283f8-81c5-4341-8d33-e7de700c5f80</ObjectId>
        <DisplayName>Keely Darnell</DisplayName>
    </User>
    <User>
        <UserPrincipalName>keith.huffman@dtchuntington.org</UserPrincipalName>
        <ObjectId>abb4f46b-5cec-400c-a649-5ef61be578bc</ObjectId>
        <DisplayName>Keith Huffman</DisplayName>
    </User>
    <User>
        <UserPrincipalName>kelly.leonard@dtchuntington.org</UserPrincipalName>
        <ObjectId>8db5b47a-da7f-4c25-a17b-fe30664c7ed6</ObjectId>
        <DisplayName>Kelly Leonard</DisplayName>
    </User>
    <User>
        <UserPrincipalName>kelly.merritt@dtchuntington.org</UserPrincipalName>
        <ObjectId>183466f6-0495-4e65-902c-95e2a833c7b4</ObjectId>
        <DisplayName>Kelly Merritt</DisplayName>
    </User>
    <User>
        <UserPrincipalName>kennedy.snider@dtchuntington.org</UserPrincipalName>
        <ObjectId>2d91dd88-f2b1-48a2-8c62-e359a5ceff9a</ObjectId>
        <DisplayName>Kennedy Snider</DisplayName>
    </User>
    <User>
        <UserPrincipalName>kylie.angel@dtchuntington.org</UserPrincipalName>
        <ObjectId>5bf8290a-00df-4bc8-8cde-06d9c253119b</ObjectId>
        <DisplayName>Kylie Angel</DisplayName>
    </User>
    <User>
        <UserPrincipalName>leslie.comer@dtchuntington.org</UserPrincipalName>
        <ObjectId>a7454b6a-2aa1-4c33-905c-9cb101e8b1ac</ObjectId>
        <DisplayName>Leslie Comer-Porter</DisplayName>
    </User>
    <User>
        <UserPrincipalName>lorretta.carrico@dtchuntington.org</UserPrincipalName>
        <ObjectId>102d62fd-1aec-4b87-a4f4-7477629dcc87</ObjectId>
        <DisplayName>Lorretta Carrico</DisplayName>
    </User>
    <User>
        <UserPrincipalName>megan.davis@dtchuntington.org</UserPrincipalName>
        <ObjectId>e683e058-01f7-402e-aba0-cb85882e7493</ObjectId>
        <DisplayName>Megan Davis</DisplayName>
    </User>
    <User>
        <UserPrincipalName>michael.zuilkoski@dtchuntington.org</UserPrincipalName>
        <ObjectId>3fbf6cd3-b7f0-467b-84df-a0ac6540d5a7</ObjectId>
        <DisplayName>Michael Zuilkoski</DisplayName>
    </User>
    <User>
        <UserPrincipalName>micheal.lambert@dtchuntington.org</UserPrincipalName>
        <ObjectId>2a4e849e-73fa-425b-ac1e-fb85f2ed8797</ObjectId>
        <DisplayName>Micheal Lambert</DisplayName>
    </User>
    <User>
        <UserPrincipalName>molly.wolfe@dtchuntington.org</UserPrincipalName>
        <ObjectId>846fcb68-2011-40ac-b19b-63e0969260ca</ObjectId>
        <DisplayName>Molly Wolfe</DisplayName>
    </User>
    <User>
        <UserPrincipalName>rachel.short@dtchuntington.org</UserPrincipalName>
        <ObjectId>3e35c8ea-1337-4d60-b6a3-ff885a13afdf</ObjectId>
        <DisplayName>Rachel Short</DisplayName>
    </User>
    <User>
        <UserPrincipalName>rileigh.snavely@dtchuntington.org</UserPrincipalName>
        <ObjectId>b4f6c994-88da-429e-9dce-b8a51e6c8a34</ObjectId>
        <DisplayName>Rileigh Snavely</DisplayName>
    </User>
    <User>
        <UserPrincipalName>ryan.bailey@dtchuntington.org</UserPrincipalName>
        <ObjectId>8c26734e-7245-4507-ac2e-30407b6d6a1a</ObjectId>
        <DisplayName>Ryan Bailey</DisplayName>
    </User>
    <User>
        <UserPrincipalName>samantha.aybar@dtchuntington.org</UserPrincipalName>
        <ObjectId>318d0696-25c3-4607-b549-4d406ef47207</ObjectId>
        <DisplayName>Samantha Aybar</DisplayName>
    </User>
    <User>
        <UserPrincipalName>sara.kidder@dtchuntington.org</UserPrincipalName>
        <ObjectId>521e10d7-93ba-45d9-87a7-31de55889923</ObjectId>
        <DisplayName>Sara Kidder</DisplayName>
    </User>
    <User>
        <UserPrincipalName>sarah.hughes@dtchuntington.org</UserPrincipalName>
        <ObjectId>28cb92ad-a05f-4925-be3d-e1356091b874</ObjectId>
        <DisplayName>Sarah Hughes</DisplayName>
    </User>
    <User>
        <UserPrincipalName>schyler.oconnor@dtchuntington.org</UserPrincipalName>
        <ObjectId>e3a8bbaf-661c-486e-bc0e-599b276f0a4f</ObjectId>
        <DisplayName>Schyler O’Connor</DisplayName>
    </User>
    <User>
        <UserPrincipalName>sebrina.lambert_outlook.com#EXT#@dtcinc.onmicrosoft.com</UserPrincipalName>
        <ObjectId>7f249fd8-0d5b-4f6e-bb26-4cccadf8b91d</ObjectId>
        <DisplayName>sebrina.lambert</DisplayName>
    </User>
    <User>
        <UserPrincipalName>sunni.unger@dtchuntington.org</UserPrincipalName>
        <ObjectId>a16dc250-201c-4b61-b264-1aadbb2df712</ObjectId>
        <DisplayName>Sunni Unger</DisplayName>
    </User>
    <User>
        <UserPrincipalName>sydnee.tweel@dtchuntington.org</UserPrincipalName>
        <ObjectId>60d58c48-bf46-4d51-8581-0723c5e31022</ObjectId>
        <DisplayName>Sydnee Tweel</DisplayName>
    </User>
    <User>
        <UserPrincipalName>test@dtchuntington.org</UserPrincipalName>
        <ObjectId>7a5e7790-b7a4-4dde-8ebf-df6ff24da329</ObjectId>
        <DisplayName>Test User</DisplayName>
    </User>
    <User>
        <UserPrincipalName>tia.wooding@dtchuntington.org</UserPrincipalName>
        <ObjectId>1b63378d-12a6-456e-a327-21ffb89e8bc0</ObjectId>
        <DisplayName>Tia Wooding</DisplayName>
    </User>
    <User>
        <UserPrincipalName>tim.oconnor@dtchuntington.org</UserPrincipalName>
        <ObjectId>f412e501-7fed-451e-9572-e0fb228480de</ObjectId>
        <DisplayName>Tim O'Connor</DisplayName>
    </User>
    <User>
        <UserPrincipalName>webops@dtchuntington.org</UserPrincipalName>
        <ObjectId>8c8dbc2d-3ee8-4d14-82a5-417e2d2d2288</ObjectId>
        <DisplayName>Web Ops</DisplayName>
    </User>
</ForensiTAzureID>